key,key:maintenanceRecord,key:task
involvedIn-01,maintenanceRecord-01,task-01
involvedIn-02,maintenanceRecord-02,task-02
involvedIn-03,maintenanceRecord-03,task-03
involvedIn-04,maintenanceRecord-04,task-04
involvedIn-05,maintenanceRecord-05,task-05
involvedIn-06,maintenanceRecord-06,task-06
involvedIn-07,maintenanceRecord-07,task-07
involvedIn-08,maintenanceRecord-08,task-08
involvedIn-09,maintenanceRecord-01,task-09
involvedIn-10,maintenanceRecord-02,task-10
involvedIn-11,maintenanceRecord-03,task-11